,,
CMASM-10 — Departamento de Infraestrutura,INÍCIO,PRAZO
1. Prestar apoio de infraestrutura aos demais departamentos do CMASM.,,
"2. Gerir o armamento portátil e sua munição, fiscalizando o uso correto do material e equipamentos de vigilância, efetuando sua manutenção.",,
3. Supervisionar a execução dos serviços de conservação e limpeza das instalações e áreas verdes do CMASM.,,
4. Supervisionar a manutenção corretiva e preventiva dos sistemas vitais e de facilidades do CMASM.,,
"5. Supervisionar as atividades de transporte marítimo, terrestre e de movimentação de carga do CMASM.",,
,,
CMASM-10.1 — Secretário do Departamento de Infraestrutura,INÍCIO,PRAZO
"1. Atualizar e controlar agenda administrativa e de eventos, registrando compromissos, bem como contatos telefônicos.",,
"2. Coordenar o fluxo de informações entre o chefe de departamento, seus subordinados e outras áreas da organização, garantindo a correta comunicação interna.",,
3. Auxiliar na elaboração e revisão de documentos administrativos.,,
4. Auxiliar o chefe de departamento no que for solicitado.,,
,,
CMASM-11 — Divisão de Prefeitura,INÍCIO,PRAZO
"1. Coordenar a manutenção das instalações elétricas, hidráulicas e prediais.",,
2. Executar os serviços de conservação e limpeza das instalações e das áreas verdes.,,
3. Coordenar a manutenção das instalações de ar-condicionado e frigoríficas.,,
,,
CMASM-11.1 — Seção de Infraestrutura e Serviços Gerais,INÍCIO,PRAZO
1. Manter e conservar a limpeza das áreas externas.,,
2. Executar o corte de grama.,,
3. Executar a poda das árvores.,,
4. Dar a destinação correta ao material resultante do corte de grama e da poda das árvores.,,
5. Fiscalizar o contrato de fornecimento de energia elétrica.,OK,
6. Controlar o consumo de energia elétrica pelo Centro.,,
7. Elaborar estudos para conservação e utilização racional de energia elétrica.,,
8. Executar a manutenção elétrica e supervisionar a operação do grupo diesel gerador de emergência das áreas comuns.,OK,
9. Executar a manutenção preventiva e corretiva das redes elétricas de média e baixa tensão e das subestações pertencentes ao CMASM.,OK,
10. Executar a manutenção preventiva e corretiva dos circuitos de iluminação.,,
11. Executar a manutenção das instalações prediais e seus telhados.,,
12. Controlar o recebimento e consumo de água da concessionária do serviço público.,,
13. Executar a manutenção e a limpeza dos reservatórios de água.,,
14. Executar a manutenção preventiva e corretiva das bombas e tubulações do sistema de aguada e das instalações hidráulicas internas.,,
15. Controlar o registro e a documentação legal sobre o tombo e as benfeitorias do CMASM.,,
16. Operar os diversos sistemas digitais utilizados pela Marinha do Brasil e pela União para controle do patrimônio imobiliário do CMASM.,,
17. Manter atualizado o plano piloto do CMASM.,,
,,
CMASM-11.2 — Seção de Transportes,INÍCIO,PRAZO
"1. Prover os meios para a realização das atividades de transporte marítimo, terrestre e de movimentação de carga.",,
2. Zelar pela manutenção preventiva e corretiva das viaturas e embarcações.,,
3. Controlar as movimentações e bom estado das viaturas e embarcações.,,
4. Controlar e manter histórico atualizado das diferentes classes de manutenção das embarcações e viaturas.,,
5. Fiscalizar o cumprimento dos procedimentos de manutenção previstos em manuais técnicos.,,
6. Controlar o agendamento e manter histórico da movimentação de embarcações e viaturas.,,
"7. Manter controle da documentação relativa a manuais, seguros e DPVAT das viaturas e embarcações.",,
"8. Controlar vencimento de habilitações, licenciamento e vistorias das viaturas e embarcações.",,
9. Zelar pelo estado e conservação do cais administrativo e do cais operativo do CMASM.,,
10. Zelar pelo estado e conservação das garagens interna e externa do CMASM.,,
"11. Zelar pelas condições de guarda das viaturas e embarcações, suas chaves e equipamentos.",,
,,
CMASM-12 — Divisão de Segurança,INÍCIO,PRAZO
"1. Zelar pela segurança do pessoal, material e instalações do CMASM.",,
2. Controlar a gestão do armamento portátil.,,
3. Fiscalizar o uso correto e manutenção do material de vigilância.,,
"4. Zelar pelo estado de conservação e manutenção das cercaduras, guaritas, sistema de CFTV e fonoclama.",OK,
5. Operar o sistema de CFTV da OM.,OK,
"6. Instruir, qualificar e prover militares de bordo para patrulha e escolta marítima.",,
,,
CMASM-12.1 — Seção de Segurança de Área e Instalações,INÍCIO,PRAZO
"1. Controlar o arquivamento das papeletas de entrada e saída de material, visitantes e registros diversos.",,
"2. Planejar, controlar e conduzir adestramentos de identificação e controle de acesso.",,
3. Confeccionar crachás.,,
4. Planejar e conduzir adestramentos sobre emprego e manutenção de armamento leve.,,
5. Treinar e fiscalizar o pessoal da Sala de Estado.,,
6. Zelar pela manutenção do estande de tiro.,,
7. Planejar e controlar exercícios de segurança orgânica.,,
8. Zelar pela manutenção do sistema de fonoclama.,,
9. Zelar pela manutenção do sistema de CFTV.,OK,
10. Efetuar patrulha marítima da Ilha do Engenho.,,
,,
CMASM-12.2 — Seção de Escoteria,INÍCIO,PRAZO
1. Controlar e executar a manutenção preventiva do armamento da escoteria.,,
2. Manter armamentos e munições dentro das normas vigentes.,,
3. Controlar munição de paz e adestramento evitando vencimentos.,OK,
4. Controlar o Equipamento Individual Básico de Combate e sugerir aquisições.,,
,,
CMASM-12.3 — Seção de Controle de Avarias,INÍCIO,PRAZO
1. Executar manutenção dos hidrantes e equipamentos de CAV.,,
2. Executar manutenção das bombas da rede de incêndio.,,
3. Adestrar o pessoal que guarnece o caminhão de combate a incêndio.,,
4. Executar manutenção do caminhão de combate a incêndio.,,
,,
CMASM-13 — Divisão de Manutenção Especializada,INÍCIO,PRAZO
1. Coordenar os serviços de ferramentaria.,,
2. Coordenar os serviços de carpintaria.,,
3. Coordenar os serviços de pintura industrial.,,
4. Coordenar a manutenção das embarcações do CMASM.,,
5. Coordenar a manutenção dos motores das embarcações do CMASM.,,
6. Coordenar a manutenção das viaturas administrativas do CMASM.,,
7. Coordenar a manutenção das viaturas de carga do CMASM.,,
8. Coordenar a manutenção das bicicletas do CMASM.,,
,,
CMASM-13.1 — Seção de Apoio Industrial,INÍCIO,PRAZO
"1. Executar serviços de usinagem, instalação, manutenção e reparos mecânicos.",OK,
2. Executar serviços de serralheria.,,
"3. Executar serviços de carpintaria geral, naval e marcenaria.",OK,
4. Executar serviços de pintura em equipamentos e meios do Centro.,OK,
5. Executar manutenção preventiva e corretiva nas embarcações.,,
6. Executar manutenção preventiva e corretiva nos motores das embarcações e viaturas.,,
7. Executar manutenção preventiva e corretiva nas viaturas administrativas.,,
8. Executar manutenção preventiva e corretiva nas viaturas de carga.,,
9. Executar manutenção preventiva e corretiva nas bicicletas do CMASM.,,
,,
CMASM-13.2 — Seção de Eletrônica,INÍCIO,PRAZO
1. Executar pedidos de serviço para reparo de equipamentos eletrônicos e de radiocomunicação.,OK,
2. Zelar pela armazenagem dos equipamentos entregues para reparo.,,
3. Emitir laudos técnicos sobre o estado do material eletrônico.,,
4. Executar e controlar a periodicidade de calibração dos equipamentos de teste e ferramentas.,,
5. Efetuar o controle estatístico e financeiro das calibrações realizadas ou pendentes.,,
