ÁREA,PRÉDIO,LOCAL,MÁQUINA,FABRICANTE,BTU,FUNCIONA,ESTADO,FUNCAO,CRITICO,AUTOMACAO,DIAS SEMANA,HORAS,PRIORIDADE,RISCO,AREA_M2,ALTURA_M,VOLUME_M3,,,,OBSERVAÇÕES
ADMINISTRATIVA,ACADEMIA,ACADEMIA,SPLIT,RETIRADO,"48,000",NOK,FALTA,CONFORTO,,,7,8,3,3,,,,,,,
ADMINISTRATIVA,ACADEMIA,ACADEMIA,SELF CONTAINED,inop,"48,000",NOK,INOP,CONFORTO,,,7,8,3,3,,,,,,,
ADMINISTRATIVA,ACADEMIA,BARBEARIA,JANELA,SPRINGER,"12,000",OK,VELHA,CONFORTO,,,5,8,3,3,,,,,,,
ADMINISTRATIVA,ALMOXARIFADO,ALMOXARIFADO,SPLIT,ELGIN,"18,000",OK,SEMI,CONFORTO,,,5,8,3,3,,,,,,,
ADMINISTRATIVA,ALOJAMENTO CIVIS,ALOJAMENTO CIVIS,SPLIT,ELGIN,"36,000",OK,SEMI,CONFORTO,,,5,8,3,3,,,,,,,
ADMINISTRATIVA,ALOJAMENTO DA ACADEMIA,2SG / 3SG,SPLIT,CONSUL,"18,000",OK,SEMI,CONFORTO,,,5,8,3,3,,,,,,,
ADMINISTRATIVA,ALOJAMENTO DA ACADEMIA,2SG / 3SG (DORMITÓRIO),SPLIT,SPRINGER,"18,000",OK,SEMI,CONFORTO,,,5,8,3,3,,,,,,,
ADMINISTRATIVA,ALOJAMENTO DA GRAMA,2SG / 3SG,SPLIT,CARRIER,"36,000",OK,VELHA,CONFORTO,,,5,8,3,3,,,,,,,
ADMINISTRATIVA,ALOJAMENTO DA GRAMA,2SG / 3SG (DORMITÓRIO),SPLIT,ELGIN,"60,000",NOK,SEMI,CONFORTO,,,5,8,3,3,,,,,,,VAZAMENTO
ADMINISTRATIVA,ALOJAMENTO PRAÇAS FEMININO,DORMITÓRIO,SPLIT,ELGIN,"18,000",NOK,VELHA,CONFORTO,,,5,8,3,3,,,,,,,VAZAMENTO
ADMINISTRATIVA,ALOJAMENTO PRAÇAS FEMININO,SALA DE ESTAR,SPLIT,CONSUL,"18,000",OK,SEMI,CONFORTO,,,5,8,3,3,,,,,,,
ADMINISTRATIVA,ALOJAMENTOS DA ORLA,2SG / 3SG,SPLIT,MIDEA,"22,000",OK,VELHA,CONFORTO,,,5,8,3,3,,,,,,,
ADMINISTRATIVA,ALOJAMENTOS DA ORLA,2SG / 3SG (DORMITÓRIO),SPLIT,MIDEA,"18,000",OK,VELHA,CONFORTO,,,5,8,3,3,,,,,,,
ADMINISTRATIVA,ALOJAMENTOS DA ORLA,CB / MN (DORMITÓRIO),SPLIT,ELGIN,"48,000",OK,NOVA,CONFORTO,,,7,24,3,3,,,,,,,
ADMINISTRATIVA,ALOJAMENTOS DA ORLA,CB / MN SALAO RECREIO,SPLIT,RETIRADO,"36,000",NOK,FALTA,CONFORTO,,,5,8,3,3,,,,,,,
ADMINISTRATIVA,ALOJAMENTOS DA ORLA,SO / 1SG,SPLIT,ELGIN,"36,000",OK,SEMI,CONFORTO,,,5,8,3,3,,,,,,,
ADMINISTRATIVA,ALOJAMENTOS DA ORLA,SO / 1SG (DORMITÓRIO),SPLIT,ELGIN,"48,000",OK,NOVA,CONFORTO,,,7,24,3,3,,,,,,,
ADMINISTRATIVA,AUDITÓRIO,AUDITÓRIO 1,SPLIT,ELGIN,"60,000",OK,SEMI,CONFORTO,,,5,8,3,3,,,,,,,
ADMINISTRATIVA,AUDITÓRIO,AUDITÓRIO 2,SPLIT,ELGIN,"60,000",OK,SEMI,CONFORTO,,,5,8,3,3,,,,,,,
ADMINISTRATIVA,COMANDO,CFTV,SPLIT,ELGIN,"18,000",OK,NOVA,SERVIDOR,X,,7,24,1,1,,,,,,,
ADMINISTRATIVA,COMANDO,CFTV,SPLIT,ELGIN,"18,000",NOK,FALTA,SERVIDOR,X,,7,24,1,1,,,,,,,
ADMINISTRATIVA,COMANDO,COPA DO GABINETE,SPLIT,COMFEE,"9,000",OK,SEMI,CONFORTO,,,5,8,3,3,,,,,,,
ADMINISTRATIVA,COMANDO,DEP INFRAESTUTURA,SPLIT,MIDEA,"9,000",NOK,SEMI,CONFORTO,,,5,8,3,3,,,,,,,PROCESSO DE BAIXA
ADMINISTRATIVA,COMANDO,DEP INFRAESTUTURA,SPLIT,SPRINGER,"18,000",OK,SEMI,CONFORTO,,,5,8,3,3,,,,,,,
ADMINISTRATIVA,COMANDO,"DEPARTAMENTO DE ADMINISTRAÇÃO
(CHEFE DO DEPARTAMENTO)",SPLIT,ELGIN,"12,000",OK,SEMI,CONFORTO,,,5,8,3,3,,,,,,,
ADMINISTRATIVA,COMANDO,DEPARTAMENTO DE ARMAS,SPLIT,SANSUNG,"18,000",OK,NOVA,CONFORTO,,,5,8,3,3,,,,,,,
ADMINISTRATIVA,COMANDO,"DEPARTAMENTO DE ARMAS
(CHEFE DO DEPARTAMENTO)",SPLIT,GREE,"22,000",OK,VELHA,CONFORTO,,,5,8,3,3,,,,,,,
ADMINISTRATIVA,COMANDO,DEPARTAMENTO DE INFRAESTRUTURA,SPLIT,MIDEA,"9,000",OK,SEMI,CONFORTO,,,5,8,3,3,,,,,,,
ADMINISTRATIVA,COMANDO,DEPARTAMENTO DE PESSOAL (DP),SPLIT,ELGIN,"36,000",NOK,NOVA,CONFORTO,,,5,8,3,3,,,,,,,CONDENSADORA DE ALUMÍNIO FURADA. (MAQUINA APENAS PARA RETIRADA DE PEÇAS)
ADMINISTRATIVA,COMANDO,DEPARTAMENTO DE PESSOAL (DP),SPLIT,CONSUL,"36,000",NOK,NOVA,CONFORTO,,,5,8,3,3,,,,,,,VERIFICAR
ADMINISTRATIVA,COMANDO,DEPARTAMENTO DE PESSOAL (DP),SPLIT INVERTER,PISO/TETO,"48,000",OK,NOVA,CONFORTO,,,5,8,3,3,,,,,,,
ADMINISTRATIVA,COMANDO,EXECUÇÃO FINANCEIRA,SPLIT,MIDEA,"9,000",NOK,VELHA,CONFORTO,,,5,8,3,3,,,,,,,PROCESSO DE BAIXA
ADMINISTRATIVA,COMANDO,EXECUÇÃO FINANCEIRA,SPLIT,MIDEA,"9,000",OK,SEMI,CONFORTO,,,5,8,3,3,,,,,,,
ADMINISTRATIVA,COMANDO,GABINETE DA DIRETOR,SPLIT,SPRINGER,"18,000",OK,VELHA,DIRETORIA,,,5,8,1,2,,,,,,,
ADMINISTRATIVA,COMANDO,"GABINETE DA DIRETOR
(SECRETÁRIA)",SPLIT,MIDEA,"12,000",OK,SEMI,DIRETORIA,,,5,8,1,2,,,,,,,
ADMINISTRATIVA,COMANDO,INFORMÁTICA,SPLIT,ELGIN,"12,000",NOK,SEMI,CONFORTO,,,5,8,3,3,,,,,,,VERIFICAR
ADMINISTRATIVA,COMANDO,INFORMÁTICA,SPLIT,ELGIN,"12,000",NOK,NOVA,CONFORTO,,,5,8,3,3,,,,,,,VERIFICAR
ADMINISTRATIVA,COMANDO,"INFORMÁTICA
(SERVIDOR)",SPLIT,CONSUL,"18,000",OK,NOVA,SERVIDOR,X,,7,24,1,1,,,,,,,
ADMINISTRATIVA,COMANDO,"INFORMÁTICA
(SERVIDOR)",SPLIT,CONSUL,"18,000",OK,NOVA,SERVIDOR,X,,7,24,1,1,,,,,,,
ADMINISTRATIVA,COMANDO,INTELIGÊNCIA,SPLIT,CONSUL,"12,000",OK,VELHA,CONFORTO,,,5,8,2,2,,,,,,,
ADMINISTRATIVA,COMANDO,MUNICIAMENTO,SPLIT,SPRINGER,"18,000",OK,SEMI,CONFORTO,,,5,8,3,3,,,,,,,
ADMINISTRATIVA,COMANDO,OBTENÇÕES,SPLIT,ELGIN,"22,000",NOK,SEMI,CONFORTO,,,5,8,3,3,,,,,,,DRENO ENTUPIDO
ADMINISTRATIVA,COMANDO,SALA DE REUNIÃO,SPLIT,AGRATTO,"22,000",OK,NOVA,DIRETORIA,,,5,8,2,2,,,,,,,
ADMINISTRATIVA,COMANDO,SALÃO NOBRE,SPLIT,GREE,"36,000",OK,NOVA,DIRETORIA,,,5,8,2,2,,,,,,,
ADMINISTRATIVA,COMANDO,SECOM,SPLIT,CARRIER,"48,000",OK,NOVA,SERVIDOR,X,,7,24,1,1,,,,,,,
ADMINISTRATIVA,COMANDO,SEGURANÇA,SPLIT,ELGIN,"48,000",OK,NOVA,CONFORTO,,,5,8,3,3,,,,,,,
ADMINISTRATIVA,COMANDO,VICE DIRETOR,SPLIT,AGRATTO,"22,000",OK,NOVA,DIRETORIA,,,5,8,1,2,,,,,,,
ADMINISTRATIVA,GARAGEM,ENCARREGADO TRANSPORTES,JANELA,SPRINGER,"12,000",OK,VELHA,CONFORTO,,,5,8,3,3,,,,,,,
ADMINISTRATIVA,GARAGEM,ESCRITÓRIO TRANSPORTES,JANELA,SPRINGER,"9,000",OK,VELHA,CONFORTO,,,5,8,3,3,,,,,,,
ADMINISTRATIVA,GARAGEM,SARGENTEANTE TRANSPORTE,JANELA,SPRINGER,"12,000",OK,VELHA,CONFORTO,,,5,8,3,3,,,,,,,
ADMINISTRATIVA,PRAÇA DARMAS,ALOJAMENTO OFICIAIS FEMININO,SPLIT,SPRINGER,"22,000",OK,SEMI,CONFORTO,,,5,8,3,3,,,,,,,
ADMINISTRATIVA,PRAÇA DARMAS,ALOJAMENTO OFICIAIS INTERMEDIÁRIOS,SPLIT,PHILCO,"36,000",OK,NOVA,CONFORTO,,,5,8,3,3,,,,,,,
ADMINISTRATIVA,PRAÇA DARMAS,ALOJAMENTO OFICIAIS SUBALTERNOS,SPLIT,ELGIN,"22,000",OK,NOVA,CONFORTO,,,5,8,3,3,,,,,,,
ADMINISTRATIVA,PRAÇA DARMAS,ALOJAMENTO OFICIAIS SUPERIORES,SPLIT,SPRINGER,"22,000",OK,VELHA,CONFORTO,,,5,8,3,3,,,,,,,
ADMINISTRATIVA,PRAÇA DARMAS,CAMAROTE VICE DIRETOR,SPLIT,SPRINGER,"22,000",OK,VELHA,CONFORTO,,,5,8,3,3,,,,,,,
ADMINISTRATIVA,PRAÇA DARMAS,PRAÇA DARMAS,SPLIT,ELGIN,"60,000",OK,SEMI,CONFORTO,,,5,8,3,3,,,,,,,
ADMINISTRATIVA,PRAÇA DARMAS,PRAÇA DARMAS,SPLIT,ELGIN,"60,000",OK,SEMI,CONFORTO,,,5,8,3,3,,,,,,,
ADMINISTRATIVA,PRAÇA DARMAS,PRAÇA DARMAS,SPLIT,ELGIN,"60,000",OK,SEMI,CONFORTO,,,5,8,3,3,,,,,,,
ADMINISTRATIVA,PRAÇA DARMAS,SALA DE JOGOS,SPLIT,ELGIN,"60,000",OK,SEMI,CONFORTO,,,5,8,3,3,,,,,,,
ADMINISTRATIVA,PREFEITURA,COBERTA ARMARIO,JANELA,CONSUL,"7,500",OK,VELHA,CONFORTO,,,5,8,3,3,,,,,,,
ADMINISTRATIVA,PREFEITURA,ENCARREGADO,SPLIT,MIDEA,"12,000",OK,SEMI,CONFORTO,,,5,8,3,3,,,,,,,
ADMINISTRATIVA,PREFEITURA,OFICINA ELETRICA,SPLIT,SPRINGER,"9,000",NOK,VELHA,CONFORTO,,,5,8,3,3,,,,,,,SEM CONDENSADORA
ADMINISTRATIVA,PREFEITURA,PAIOL CAV,SPLIT INVERTER,ELGIN,"48,000",NOK,INOP,CONFORTO,,,5,8,3,3,,,,,,,"INVERTER 
PLACA REMOVIDA, USADA NO ALOJ GUARDA (SALA ESTADO)"
ADMINISTRATIVA,PREFEITURA,SARGENTEANTE PREFEITURA,SPLIT,ELGIN,"12,000",OK,SEMI,REFEITORIO,,,5,8,3,3,,,,,,,
ADMINISTRATIVA,RANCHO/COZINHA,CB / MN,SPLIT,ELGIN,"60,000",NOK,NOVA,REFEITORIO,,,5,8,2,2,,,,,,,AGUARDANDO MATERIAL PARA MANUTENÇÃO
ADMINISTRATIVA,RANCHO/COZINHA,CB / MN,SPLIT,ELGIN,"60,000",NOK,NOVA,REFEITORIO,,,5,8,2,2,,,,,,,Compressor queimado / em curto
ADMINISTRATIVA,RANCHO/COZINHA,CB / MN,SPLIT,ELGIN,"60,000",NOK,NOVA,REFEITORIO,,,5,8,2,2,,,,,,,Compressor queimado / Dois motores do ventilador queimados
ADMINISTRATIVA,RANCHO/COZINHA,PAIOL,SPLIT,COMFEE,"18,000",OK,NOVA,REFEITORIO,,,5,8,2,2,,,,,,,
ADMINISTRATIVA,RANCHO/COZINHA,SO / SG,SPLIT,ELGIN,"60,000",OK,NOVA,REFEITORIO,,,5,8,2,2,,,,,,,
ADMINISTRATIVA,RANCHO/COZINHA,SO / SG,SPLIT,ELGIN,"60,000",OK,NOVA,REFEITORIO,,,5,8,2,2,,,,,,,
ADMINISTRATIVA,SALA DE ESTADO,ALOJAMENTO DA GUARDA,SPLIT INVERTER,ELGIN,"48,000",NOK,SEMI,CONFORTO,X,,7,24,1,1,,,,,,,VERIFICAR PROBLEMA NA PLACA
ADMINISTRATIVA,SALA DE ESTADO,CAMAROTE DO OSE,SPLIT,AGRATO,"18,000",OK,NOVA,CONFORTO,,,7,8,3,3,,,,,,,
ADMINISTRATIVA,SALA DE ESTADO,CENTRAL TELEFÔNICA,SPLIT,ELGIN,"12,000",OK,VELHA,CONFORTO,X,,7,24,1,1,,,,,,,EM PROCESSO DE BAIXA
ADMINISTRATIVA,SALA DE ESTADO,ESCOTERIA,SPLIT,ELETROLUX,"9,000",OK,SEMI,ARMAMENTO,X,,7,24,1,1,,,,,,,
ADMINISTRATIVA,SALA DE ESTADO,OSE,SPLIT,ELGIN,"12,000",OK,SEMI,CONFORTO,,,7,24,2,2,,,,,,,
ADMINISTRATIVA,SALA DE ESTADO,SALA DE ESTADO,SPLIT,ELGIN,"60,000",OK,SEMI,CONFORTO,,,7,24,2,2,,,,,,,
ADMINISTRATIVA,SAÚDE,ASSISTÊNCIA SOCIAL,JANELA,SPRINGER,"12,000",OK,VELHA,CONFORTO,,,5,8,3,3,,,,,,,
ADMINISTRATIVA,SAÚDE,DOC,SPLIT,MIDEA,"12,000",OK,NOVA,HOSPITALAR,,,5,8,1,1,,,,,,,
ADMINISTRATIVA,SAÚDE,ENFERMARIA,SPLIT,ELGIN,"22,000",OK,VELHA,HOSPITALAR,,,5,8,1,1,,,,,,,
ADMINISTRATIVA,SAÚDE,FISIOTERAPIA,JANELA,SPRINGER,"22,000",OK,VELHA,HOSPITALAR,,,5,8,1,1,,,,,,,
ADMINISTRATIVA,SAÚDE,ODONTO,SPLIT,ELGIN,"18,000",OK,NOVA,HOSPITALAR,,,5,8,1,1,,,,,,,
ADMINISTRATIVA,SAÚDE,SALA ESTABILIZAÇÃO,SPLIT,PHILCO,"18,000",OK,VELHA,HOSPITALAR,,,5,8,1,1,,,,,,,
ADMINISTRATIVA,SAÚDE,SECRETARIA,SPLIT,PHILCO,"12,000",OK,VELHA,HOSPITALAR,,,5,8,1,1,,,,,,,
ADMINISTRATIVA,SEGURANÇA,SEGURANÇA,SPLIT,COMFEE,"18,000",NOK,SEMI,CONFORTO,,,5,8,3,3,,,,,,,
OPERATIVA,ASPIDE I,SEÇÃO DE MONTAGEM,SELF CONTAINED,,"180,000",NOK,SEMI,ARMAMENTO,,,5,8,2,2,,,,,,,
OPERATIVA,ASPIDE II,SEÇÃO DE MONTAGEM,SELF CONTAINED,,"180,000",NOK,SEMI,ARMAMENTO,,,5,8,2,2,,,,,,,
OPERATIVA,ASPIDE II,SEÇÃO DE TESTES NÍVEL III,SELF CONTAINED,,"180,000",NOK,SEMI,ARMAMENTO,,,5,8,2,2,,,,,,,
OPERATIVA,"BIBLIOTECA DSAM
(SEA SKUA)",BIBLIOTECA,SPLIT,,"48,000",OK,SEMI,BIBLIOTECA,X,,7,24,2,1,,,,,,,
OPERATIVA,EXOCET,MECÂNICA 1,SELF CONTAINED,,"120,000",OK,VELHA,ARMAMENTO,,,7,24,2,2,,,,,,,
OPERATIVA,EXOCET,MECÂNICA 2,SELF CONTAINED,,"60,000",OK,VELHA,ARMAMENTO,,,5,8,2,2,,,,,,,
OPERATIVA,EXOCET,MECÂNICA 2,SELF CONTAINED,,"180,000",OK,VELHA,ARMAMENTO,,,5,8,2,2,,,,,,,
OPERATIVA,EXOCET,SALA DE AULA,SELF CONTAINED,,"36,000",OK,VELHA,CONFORTO,,,5,8,2,2,,,,,,,
OPERATIVA,EXOCET,SALA DE CONTROLE,SELF CONTAINED,,"90,000",OK,VELHA,ARMAMENTO,X,,7,24,1,1,,,,,,,
OPERATIVA,EXOCET,SALA DE CONTROLE,SELF CONTAINED,,"120,000",OK,VELHA,ARMAMENTO,,,7,24,2,2,,,,,,,
OPERATIVA,EXOCET,SALA DE CONTROLE,SPLIT,,"60,000",OK,VELHA,ARMAMENTO,X,,7,24,1,1,,,,,,,
OPERATIVA,EXOCET,SALA DE CONVERSORES,SELF CONTAINED,,"90,000",OK,NOVA,ARMAMENTO,X,,7,24,1,1,,,,,,,
OPERATIVA,EXOCET,SEÇÃO DE TESTES NÍVEL II,SPLIT,,"60,000",OK,SEMI,ARMAMENTO,X,,7,24,1,1,,,,,,,
OPERATIVA,F21,COPA/CORREDOR,SPLIT,,"12,000",OK,NOVA,CONFORTO,,,5,8,2,2,,,,,,,
OPERATIVA,F21,ELETRONICA 01,SPLIT,,"90,000",OK,NOVA,ARMAMENTO,,,5,8,2,2,,,,,,,
OPERATIVA,F21,ELETRONICA 02,SPLIT,,"36,000",NOK,SEMI,ARMAMENTO,,,5,8,2,2,,,,,,,VERIFICAR
OPERATIVA,F21,MECÂNICA 01,SPLIT,,"90,000",NOK,SEMI,ARMAMENTO,,,5,8,2,2,,,,,,,VERIFICAR
OPERATIVA,F21,MECÂNICA 02,SPLIT,,"90,000",NOK,VELHA,ARMAMENTO,,,5,8,2,2,,,,,,,VERIFICAR
OPERATIVA,F21,MECÂNICA 03,SPLIT,,"12,000",OK,NOVA,ARMAMENTO,,,5,8,2,2,,,,,,,
OPERATIVA,F21,MECÂNICA 03,SELF CONTAINED,,"180,000",OK,SEMI,ARMAMENTO,,,5,8,2,2,,,,,,,
OPERATIVA,F21,MECÂNICA 03,SELF CONTAINED,,"180,000",NOK,SEMI,ARMAMENTO,,,5,8,2,2,,,,,,,AGUARDANDO MATERIAL PARA MANUTENÇÃO
OPERATIVA,F21,MECÂNICA 04,SPLIT,,"90,000",NOK,VELHA,ARMAMENTO,,,5,8,2,2,,,,,,,VERIFICAR
OPERATIVA,F21,SALA DE ARMAZENAGEM,SPLIT,,"36,000",NOK,SEMI,ARMAMENTO,,,5,8,2,2,,,,,,,VERIFICAR
OPERATIVA,F21,SALA DE AULA,SPLIT,,"36,000",OK,SEMI,CONFORTO,X,,7,24,1,1,,,,,,,.
OPERATIVA,F21,SALA DE MONITORAMENTO DA BATERIA,SPLIT,,"12,000",NOK,SEMI,ARMAMENTO,,,5,8,2,2,,,,,,,VERIFICAR
OPERATIVA,F21,SALA DE OPERAÇÕES,SPLIT,,"18,000",OK,NOVA,ARMAMENTO,,,5,8,2,2,,,,,,,
OPERATIVA,F21,SALA DE REUNIÕES,SPLIT,,"36,000",OK,SEMI,ARMAMENTO,,,5,8,2,2,,,,,,,
OPERATIVA,MINAS E BOMBAS,SALA DA M100,SPLIT,,"22,000",OK,VELHA,ARMAMENTO,,,5,8,2,2,,,,,,,
OPERATIVA,MINAS E BOMBAS,SALA DA MFC,SPLIT,,"36,000",OK,VELHA,ARMAMENTO,,,5,8,2,2,,,,,,,
OPERATIVA,MINAS E BOMBAS,SALA DE ESTUDOS,SPLIT,,"22,000",OK,VELHA,CONFORTO,,,5,8,2,2,,,,,,,
OPERATIVA,MINAS E BOMBAS,SALA DO ENCARREGADO,SPLIT,,"22,000",OK,VELHA,CONFORTO,,,5,8,2,2,,,,,,,
OPERATIVA,MINAS E BOMBAS,SALA MK9,SPLIT,,"18,000",NOK,VELHA,ARMAMENTO,,,5,8,2,2,,,,,,,VERIFICAR
OPERATIVA,MISTRAL,SALA DE MATERIAL DA SH,JANELA,,"7,500",OK,VELHA,ARMAMENTO,,,5,8,2,2,,,,,,,
OPERATIVA,MISTRAL,SALA DO MISSIL,SELF CONTAINED,,"120,000",OK,VELHA,ARMAMENTO,,,7,24,2,2,,,,,,,
OPERATIVA,MISTRAL,SALA DO SUPERVISOR,SELF CONTAINED,,"120,000",OK,VELHA,CONFORTO,,,5,8,2,2,,,,,,,
OPERATIVA,MK46,SALA DE AULA,SPLIT,,"18,000",OK,SEMI,CONFORTO,,,5,8,2,2,,,,,,,VERIFICAR
OPERATIVA,MK46,SALA DE MONTAGEM,SPLIT,,"60,000",OK,SEMI,ARMAMENTO,,,5,8,2,2,,,,,,,
OPERATIVA,MK46,SALA DE TESTES ELETRÔNICOS,SELF CONTAINED,,"60,000",OK,VELHA,ARMAMENTO,X,,7,24,1,1,,,,,,,
OPERATIVA,MK46,SALA DO ENCARREGADO,SPLIT,,"18,000",OK,SEMI,CONFORTO,,,5,8,2,2,,,,,,,
OPERATIVA,MK46,SALA ELETRONICA,SPLIT,,"60,000",OK,SEMI,ARMAMENTO,,,5,8,2,2,,,,,,,
OPERATIVA,MK46,SEÇÃO DE MECÂNICA,SPLIT,,"60,000",OK,SEMI,ARMAMENTO,,,5,8,2,2,,,,,,,
OPERATIVA,MK48,SALA 02,SELF CONTAINED,,"120,000",OK,NOVA,ARMAMENTO,,,7,24,2,2,,,,,,,
OPERATIVA,MK48,SALA ATE,CHILLER,,"180,000",NOK,VELHA,ARMAMENTO,,,5,8,2,2,,,,,,,
OPERATIVA,MK48,SALA DA CALIBRAÇÃO,SPLIT,,"60,000",OK,SEMI,ARMAMENTO,,,5,8,2,2,,,,,,,
OPERATIVA,MK48,SALA DE ACESSÓRIOS,SPLIT,,"36,000",OK,NOVA,ARMAMENTO,,,5,8,2,2,,,,,,,
OPERATIVA,MK48,SALA DE REUNIÕES,SPLIT,,"36,000",OK,SEMI,CONFORTO,,,5,8,2,2,,,,,,,
OPERATIVA,MK48,SALA DO ATE,SPLIT,,"36,000",NOK,SEMI,ARMAMENTO,,,5,8,2,2,,,,,,,VERIFICAR
OPERATIVA,MK48,SALA DO ATE,SPLIT,,"60,000",NOK,SEMI,ARMAMENTO,X,,7,24,1,1,,,,,,,
OPERATIVA,MK48,SALA DO ENCARREGADO,SPLIT,,"18,000",OK,NOVA,CONFORTO,,,5,8,2,2,,,,,,,
OPERATIVA,MK48,SALA DO MOTOR,SPLIT,,"60,000",NOK,SEMI,ARMAMENTO,,,5,8,2,2,,,,,,,VAZAMENTO
OPERATIVA,MK48,SALA DO QUALIDADE,SPLIT,,"22,000",OK,SEMI,ARMAMENTO,,,5,8,2,2,,,,,,,
OPERATIVA,MK48,SALA DO TMD,SPLIT,,"22,000",OK,SEMI,ARMAMENTO,,,5,8,2,2,,,,,,,
OPERATIVA,MK48,SEÇÃO DE MONTAGEM,SPLIT,,"60,000",OK,SEMI,ARMAMENTO,X,,7,24,1,1,,,,,,,
OPERATIVA,PCI,PAIOL DE COMPONENTES INERTES,SELF CONTAINED,,"120,000",OK,NOVA,ARMAMENTO,,,7,24,2,2,,,,,,,
OPERATIVA,PCI,SALA DA DIVISÃO,SPLIT,ELGIN,"18,000",OK,SEMI,CONFORTO,,,5,8,2,2,,,,,,,
OPERATIVA,PCI,SALA DO SERVIDOR,SPLIT,ELGIN,"9,000",NOK,VELHA,SERVIDOR,X,,7,24,1,1,,,,,,,
OPERATIVA,PCI,SALA ENCARREGADO,JANELA,SPRINGER,"12,000",OK,VELHA,CONFORTO,,,5,8,2,2,,,,,,,
OPERATIVA,PENGUIN,SALA DO SUPERVISOR,SELF CONTAINED,,"180,000",OK,SEMI,CONFORTO,,,5,8,2,2,,,,,,,
OPERATIVA,PENGUIN,SEÇÃO DE MONTAGEM,JANELA,,"7,500",OK,SEMI,ARMAMENTO,,,5,8,2,2,,,,,,,
OPERATIVA,SIDEWINDER,SEÇÃO DE MONTAGEM,JANELA,,"22,000",OK,SEMI,ARMAMENTO,,,5,8,2,2,,,,,,,
PAIOL,PAIOL,D-5,SELF CONTAINED,,"180,000",OK,VELHA,ARMAMENTO,X,X,7,24,1,1,,,,,,,
PAIOL,PAIOL,D-5,SELF CONTAINED,,"180,000",NOK,VELHA,ARMAMENTO,X,X,7,24,1,1,,,,,,,
PAIOL,PAIOL,G-5,SELF CONTAINED,,"180,000",OK,VELHA,ARMAMENTO,X,X,7,24,1,1,,,,,,,
PAIOL,PAIOL,G-5,SELF CONTAINED,,"180,000",NOK,VELHA,ARMAMENTO,X,X,7,24,1,1,,,,,,,CORREIA AVARIADA
PAIOL,PAIOL,G-6,SELF CONTAINED,,"180,000",OK,VELHA,ARMAMENTO,X,X,7,24,1,1,,,,,,,
PAIOL,PAIOL,G-6,SELF CONTAINED,,"180,000",NOK,VELHA,ARMAMENTO,X,X,7,24,1,1,,,,,,,
PAIOL,PAIOL,G-7,SELF CONTAINED,,"180,000",OK,VELHA,ARMAMENTO,X,X,7,24,1,1,,,,,,,
PAIOL,PAIOL,G-7,SELF CONTAINED,,"180,000",NOK,VELHA,ARMAMENTO,X,X,7,24,1,1,,,,,,,FUSÍVEIS DO QUADRO ELETRICO QUEIMADOS
PAIOL,PAIOL,G-8,SELF CONTAINED,,"180,000",OK,VELHA,ARMAMENTO,X,X,7,24,1,1,,,,,,,
PAIOL,PAIOL,G-8,SELF CONTAINED,,"180,000",NOK,VELHA,ARMAMENTO,X,X,7,24,1,1,,,,,,,
PAIOL,PAIOL,K-6,SELF CONTAINED,,"180,000",OK,VELHA,ARMAMENTO,X,X,7,24,1,1,,,,,,,
PAIOL,PAIOL,K-6,SELF CONTAINED,,"180,000",NOK,VELHA,ARMAMENTO,X,X,7,24,1,1,,,,,,,
PAIOL,PAIOL,U-6,SELF CONTAINED,,"180,000",OK,NOVA,ARMAMENTO,X,X,7,24,1,1,,,,,,,SISTEMA SUPERVISORIO
PAIOL,PAIOL,U-6,SELF CONTAINED,,"180,000",OK,NOVA,ARMAMENTO,X,X,7,24,1,1,,,,,,,SISTEMA SUPERVISORIO
PAIOL,PAIOL,U-7,SELF CONTAINED,,"180,000",OK,NOVA,ARMAMENTO,X,X,7,24,1,1,,,,,,,SISTEMA SUPERVISORIO
PAIOL,PAIOL,U-7,SELF CONTAINED,,"180,000",OK,NOVA,ARMAMENTO,X,X,7,24,1,1,,,,,,,
PAIOL,PAIOL,U-8,SELF CONTAINED,,"180,000",OK,NOVA,ARMAMENTO,X,X,7,24,1,1,,,,,,,
PAIOL,PAIOL,U-8,SELF CONTAINED,,"180,000",OK,NOVA,ARMAMENTO,X,X,7,24,1,1,,,,,,,
